Artist,Title,Label,Path
The Weeknd,Blinding Lights,1,Songs/The Weeknd - Blinding Lights (Official Video).mp3
Olivia Rodrigo,Good 4 U,1,Songs/Olivia Rodrigo - good 4 u (Official Video).mp3
Olivia Rodrigo,Drivers License,1,Songs/Olivia Rodrigo - drivers license (Official Video).mp3
Lil Nas X,Montero (Call Me By Your Name),1,Songs/Lil Nas X - MONTERO (Call Me By Your Name) (Official Video).mp3
BTS,Butter,1,Songs/BTS (방탄소년단) 'Butter' Official MV.mp3
Olivia Rodrigo,Deja Vu,1,Songs/Olivia Rodrigo - deja vu (Official Video).mp3
Ariana Grande,Positions,1,Songs/Ariana Grande - positions (official video).mp3
Ed Sheeran,Bad Habits,1,Songs/Ed Sheeran - Bad Habits [Official Video].mp3
Luke Combs,Forever After All,1,Songs/Luke Combs - Forever After All (Official Video).mp3
Pop Smoke,What You Know Bout Love,1,Songs/POP SMOKE - WHAT YOU KNOW BOUT LOVE (Official Video).mp3
Billie Eilish,Therefore I Am,1,Songs/Billie Eilish - Therefore I Am (Official Music Video).mp3
Cardi B,Up,1,Songs/Cardi B - Up [Official Music Video].mp3
Lil Baby,On Me,1,Songs/Lil Baby - On Me.mp3
Olivia Rodrigo,Traitor,1,Songs/Olivia Rodrigo - traitor (Official Video).mp3
BTS,Dynamite,1,Songs/BTS (방탄소년단) 'Dynamite' Official MV.mp3
Doja Cat,Need To Know,1,Songs/Doja Cat - Need to Know (Official Video).mp3
Taylor Swift,Willow,1,Songs/Taylor Swift - willow (Official Music Video).mp3
Luke Combs,Better Together,1,Songs/Luke Combs - Better Together (Lyrics).mp3
Doja Cat,Streets,1,Songs/Doja Cat - Streets (Official Video).mp3
Drake,What's Next,1,Songs/Drake - What’s Next (Official Lyric Video).mp3
Roddy Ricch,Late At Night,1,Songs/Roddy Ricch - Late At Night [Official Music Video].mp3
Justin Bieber,Anyone,1,Songs/Justin Bieber - Anyone.mp3
Ariana Grande,pov,1,Songs/Ariana Grande - pov (audio).mp3
The Weeknd,Take My Breath,1,Songs/The Weeknd - Take My Breath (Official Music Video).mp3
Billie Eilish,Happier Than Ever,1,Songs/Billie Eilish - Happier Than Ever (Official Music Video).mp3
Post Malone,Circles,1,Songs/Post Malone - Circles.mp3
Roddy Ricch,The Box,1,Songs/Roddy Ricch - The Box [Official Music Video].mp3
Harry Styles,Adore You,1,Songs/Harry Styles - Adore You (Official Video).mp3
Maroon 5,Memories,1,Songs/Maroon 5 - Memories (Official Video).mp3
Doja Cat,Say So,1,Songs/Doja Cat - Say So (Official Video).mp3
Billie Eilish,Everything I Wanted,1,Songs/Billie Eilish - everything i wanted (Official Music Video).mp3
Harry Styles,Watermelon Sugar,1,Songs/Harry Styles - Watermelon Sugar (Official Video).mp3
The Weeknd,Heartless,1,Songs/The Weeknd - Heartless (Official Audio).mp3
DaBaby,BOP,1,Songs/DaBaby - BOP on Broadway (Hip Hop Musical).mp3
Drake,Toosie Slide,1,Songs/Drake - Toosie Slide (Official Music Video).mp3
Morgan Wallen,Chasin' You,1,Songs/Morgan Wallen - Chasin' You (Dream Video).mp3
Lil Baby,Woah,1,Songs/Lil Baby - Woah (Official Music Video).mp3
Travis Scott,HIGHEST IN THE ROOM,1,Songs/Travis Scott - HIGHEST IN THE ROOM (Official Music Video).mp3
Billie Eilish,Bad Guy,1,Songs/Billie Eilish - bad guy (Official Music Video).mp3
Justin Bieber,Yummy,1,Songs/Justin Bieber - Yummy (Official Video).mp3
Lil Nas X,Panini,1,Songs/Lil Nas X - Panini (Official Video).mp3
Lil Baby,Emotionally Scarred,1,Songs/Lil Baby - Emotionally Scarred.mp3
Lil Baby,The Bigger Picture,1,Songs/Lil Baby - The Bigger Picture (Official Music Video).mp3
Jonas Brothers,Only Human,1,Songs/Jonas Brothers - Only Human (Official Audio).mp3
Lil Baby,Sum 2 Prove,1,Songs/Lil Baby - Sum 2 Prove (Official Video).mp3
Halsey,You Should Be Sad,1,Songs/Halsey - You should be sad.mp3
Pop Smoke,Dior,1,Songs/POP SMOKE - DIOR (OFFICIAL VIDEO).mp3
Luke Combs,Even Though I'm Leaving,1,Songs/Luke Combs - Even Though I'm Leaving (Official Video).mp3
Juice WRLD,Wishing Well,1,Songs/Juice WRLD - Wishing Well (Official Music Video).mp3
Morgan Wallen,More Than My Hometown,1,Songs/Morgan Wallen - More Than My Hometown (Official Music Video).mp3
Luke Combs,Lovin' On You,1,Songs/Luke Combs - Lovin' On You (Official Video).mp3
Halsey,Without Me,1,Songs/Halsey - Without Me.mp3
Post Malone,Wow.,1,Songs/Post Malone - Wow. (Audio).mp3
Ariana Grande,7 Rings,1,Songs/Ariana Grande - 7 rings (Official Video).mp3
Khalid,Talk,1,Songs/Khalid - Talk (Official Video).mp3
Travis Scott,Sicko Mode,1,Songs/Travis Scott - SICKO MODE ft. Drake.mp3
Jonas Brothers,Sucker,1,Songs/Jonas Brothers - Sucker (Official Video).mp3
Ariana Grande,"Thank U, Next",1,"Songs/Ariana Grande - thank u, next (Official Video).mp3"
Khalid,Better,1,Songs/Khalid - Better (Official Video).mp3
DaBaby,Suge,1,Songs/Dababy - Suge (Yea Yea) Official Music Video.mp3
Shawn Mendes,If I Can't Have You,1,Songs/Shawn Mendes - If I Can't Have You (Official Music Video).mp3
Post Malone,Better Now,1,Songs/Post Malone - Better Now.mp3
Ariana Grande,"Break Up With Your Girlfriend, I'm Bored",1,"Songs/Ariana Grande - break up with your girlfriend, i'm bored (Official Video).mp3"
Cardi B,Money,1,Songs/Cardi B - Money [Official Music Video].mp3
Taylor Swift,You Need To Calm Down,1,Songs/Taylor Swift - You Need To Calm Down.mp3
Luke Combs,Beautiful Crazy,1,Songs/Luke Combs - Beautiful Crazy.mp3
Juice WRLD,Lucid Dreams,1,Songs/Juice WRLD - Lucid Dreams (Directed by Cole Bennett).mp3
Morgan Wallen,Whiskey Glasses,1,Songs/Morgan Wallen - Whiskey Glasses (Official Video).mp3
Luke Combs,Beer Never Broke My Heart,1,Songs/Luke Combs - Beer Never Broke My Heart (Official Video).mp3
Billie Eilish,When The Party's Over,1,Songs/Billie Eilish - when the party's over (Official Music Video).mp3
Ariana Grande,Breathin,1,Songs/Ariana Grande - breathin.mp3
Billie Eilish,Bury A Friend,1,Songs/Billie Eilish - bury a friend (Official Music Video).mp3
Lil Baby,Close Friends,1,"Songs/Lil Baby, Gunna - Close Friends.mp3"
Sam Smith,How Do You Sleep?,1,Songs/P!NK - Walk Me Home (Official Video).mp3
P!nk,Walk Me Home,1,Songs/Juice WRLD - Robbery (Directed by Cole Bennett).mp3
Juice WRLD,Robbery,1,Songs/Drake - God's Plan.mp3
Drake,God's Plan,1,Songs/Ed Sheeran - Perfect (Official Music Video).mp3
Ed Sheeran,Perfect,1,Songs/Drake - In My Feelings.mp3
Drake,In My Feelings,1,Songs/Drake - Nice For What.mp3
Drake,Nice For What,1,Songs/XXXTENTACION - SAD!.mp3
XXXTENTACION,Sad!,1,Songs/Camila Cabello - Never Be the Same.mp3
Camila Cabello,Never Be The Same,1,Songs/Ariana Grande - no tears left to cry (Official Video).mp3
Ariana Grande,No Tears Left To Cry,1,Songs/Imagine Dragons - Thunder.mp3
Imagine Dragons,Thunder,1,Songs/Taylor Swift - Delicate.mp3
Taylor Swift,Delicate,1,Songs/Halsey - Bad At Love.mp3
Halsey,Bad At Love,1,Songs/Imagine Dragons - Whatever It Takes (Official Music Video).mp3
Imagine Dragons,Whatever It Takes,1,Songs/I Fall Apart.mp3
Post Malone,I Fall Apart,1,Songs/Shawn Mendes - In My Blood (Official Music Video).mp3
Shawn Mendes,In My Blood,1,Songs/Sam Smith - Too Good At Goodbyes.mp3
Sam Smith,Too Good At Goodbyes,1,Songs/Drake - Nonstop.mp3
Drake,Nonstop,1,Songs/Cardi B - Bodak Yellow [OFFICIAL MUSIC VIDEO].mp3
Cardi B,Bodak Yellow (Money Moves),1,Songs/Maroon 5 - Wait (Official Music Video).mp3
Maroon 5,Wait,1,Songs/Cardi B - Be Careful [Official Video].mp3
Cardi B,Be Careful,1,Songs/Ariana Grande - God is a woman (Official Video).mp3
Ariana Grande,God Is A Woman,1,Songs/Khalid - Young Dumb & Broke (Official Video).mp3
Khalid,Young Dumb & Broke,1,Songs/Imagine Dragons - Natural.mp3
Imagine Dragons,Natural,1,Songs/Ed Sheeran - Shape of You (Official Music Video).mp3
Ed Sheeran,Shape Of You,1,Songs/The Weeknd - Call Out My Name (Official Video).mp3
The Weeknd,Call Out My Name,1,Songs/Drake - I'm Upset.mp3
Drake,I'm Upset,1,Songs/XXXTENTACION - MOONLIGHT (OFFICIAL MUSIC VIDEO).mp3
XXXTENTACION,Moonlight,1,Songs/XXXTENTACION - changes.mp3
XXXTENTACION,Changes,1,Songs/Luke Combs - One Number Away.mp3
Luke Combs,One Number Away,1,Songs/Imagine Dragons - Believer (Official Music Video).mp3
Imagine Dragons,Believer,1,Songs/Bruno Mars - That’s What I Like [Official Music Video].mp3
Bruno Mars,That's What I Like,1,Songs/Kendrick Lamar - HUMBLE..mp3
Kendrick Lamar,Humble.,1,Songs/Future - Mask Off (Official Music Video).mp3
Future,Mask Off,1,Songs/Bruno Mars - 24K Magic (Official Music Video).mp3
Bruno Mars,24K Magic,1,Songs/Khalid - Location (Official Video).mp3
Khalid,Location,1,Songs/Shawn Mendes - There's Nothing Holdin' Me Back (Official Music Video).mp3
Shawn Mendes,There's Nothing Holdin' Me Back,1,Songs/Rihanna - Love On The Brain (Lyrics).mp3
Rihanna,Love On The Brain,1,Songs/Drake - Fake Love.mp3
Drake,Fake Love,1,Songs/Taylor Swift - Look What You Made Me Do.mp3
Taylor Swift,Look What You Made Me Do,1,Songs/Ed Sheeran - Castle On The Hill [Official Music Video].mp3
Ed Sheeran,Castle On The Hill,1,Songs/The Chainsmokers - Paris (Official Lyric Video).mp3
The Chainsmokers,Paris,1,Songs/Shawn Mendes - Mercy (Official Music Video).mp3
Justin Timberlake,Can't Stop The Feeling!,1,Songs/Halsey - Now Or Never (Audio).mp3
Shawn Mendes,Mercy,1,Songs/Kendrick Lamar - DNA..mp3
twenty one pilots,Heathens,1,Songs/Passionfruit.mp3
Halsey,Now Or Never,1,Songs/Travis Scott - goosebumps (Lyrics) ft. Kendrick Lamar.mp3
Kendrick Lamar,DNA.,1,Songs/Luke Combs - Hurricane.mp3
Drake,Passionfruit,1,Songs/P!NK - What About Us (Official Video).mp3
Travis Scott,Goosebumps,1,Songs/Harry Styles - Sign of the Times (Official Video).mp3
Luke Combs,Hurricane,1,Songs/Adele - Water Under the Bridge.mp3
P!nk,What About Us,1,Songs/Miley Cyrus - Malibu (Official Video).mp3
Harry Styles,Sign Of The Times,1,Songs/Shawn Mendes - Treat You Better.mp3
Adele,Water Under The Bridge,1,Songs/XXXTENTACION - Look At Me! (Audio).mp3
Miley Cyrus,Malibu,1,Songs/Adele - Hello (Official Music Video).mp3
Shawn Mendes,Treat You Better,1,Songs/Rihanna - Needed Me.mp3
XXXTENTACION,Look At Me!,1,Songs/twenty one pilots - Ride (Official Video).mp3
Justin Bieber,Love Yourself,1,Songs/Shawn Mendes - Stitches (Official Music Video).mp3
Justin Bieber,Sorry,1,Songs/Drake - Hotline Bling.mp3
twenty one pilots,Stressed Out,1,Songs/Adele - Send My Love (To Your New Lover).mp3
Adele,Hello,1,Songs/The Weeknd - The Hills.mp3
Rihanna,Needed Me,1,Songs/Ariana Grande - Dangerous Woman.mp3
twenty one pilots,Ride,1,Songs/Drake - Controlla.mp3
Shawn Mendes,Stitches,1,Songs/Meghan Trainor - NO.mp3
Drake,Hotline Bling,1,Songs/Ariana Grande - Into You (Official Video).mp3
Adele,Send My Love (To Your New Lover),1,Songs/The Weeknd - In The Night (Official Audio).mp3
Justin Bieber,What Do You Mean?,1,Songs/Meghan Trainor - Me Too.mp3
The Weeknd,The Hills,1,Songs/Post Malone - White Iverson.mp3
P!nk,Just Like Fire,1,Songs/The Weeknd - Can't Feel My Face (Official Video).mp3
Ariana Grande,Dangerous Woman,1,Songs/Coldplay - Hymn For The Weekend (Official Video).mp3
Drake,Controlla,1,Songs/Travis Scott - Antidote.mp3
Meghan Trainor,No,1,Songs/Taylor Swift - Wildest Dreams.mp3
Ariana Grande,Into You,1,Songs/Adele - When We Were Young (Live at The Church Studios).mp3
The Weeknd,In The Night,1,Songs/Chris Brown - Back To Sleep (Official Video).mp3
Meghan Trainor,Me Too,1,Songs/Coldplay - Adventure Of A Lifetime (Official Video).mp3
Post Malone,White Iverson,1,Songs/Future - Wicked (Official Music Video).mp3
The Weeknd,Can't Feel My Face,1,Songs/Ed Sheeran - Thinking Out Loud (Official Music Video).mp3
Coldplay,Hymn For The Weekend,1,Songs/Fetty Wap  - Trap Queen (Official Video) Prod. By Tony Fadd.mp3
Travis Scott,Antidote,1,Songs/Maroon 5 - Sugar (Official Music Video).mp3
Taylor Swift,Wildest Dreams,1,Songs/Taylor Swift - Blank Space.mp3
Adele,When We Were Young,1,Songs/The Weeknd - Earned It (Fifty Shades Of Grey).mp3
Chris Brown,Back To Sleep,1,Songs/Taylor Swift - Shake It Off (Taylor's Version) (Lyric Video).mp3
Coldplay,Adventure Of A Lifetime,1,Songs/Meghan Trainor - Lips Are Movin (Official Music Video).mp3
Future,Wicked,1,Songs/Sam Smith - I'm Not The Only One (Official Music Video).mp3
Ed Sheeran,Thinking Out Loud,1,Songs/Meghan Trainor - All About That Bass (Official Video).mp3
Fetty Wap,Trap Queen,1,Songs/Taylor Swift - Style (Taylor's Version) (Lyric Video).mp3
Maroon 5,Sugar,1,Songs/Ed Sheeran - Photograph (Official Music Video).mp3
Taylor Swift,Blank Space,1,Songs/Maroon 5 - Animals.mp3
The Weeknd,Earned It (Fifty Shades Of Grey),1,Songs/Rihanna - Bitch Better Have My Money (Audio).mp3
Taylor Swift,Shake It Off,1,Songs/Sam Smith - Stay With Me (Official Music Video).mp3
Meghan Trainor,Lips Are Movin,1,Songs/One Direction - Drag Me Down (Official Video).mp3
Sam Smith,I'm Not The Only One,1,Songs/Ariana Grande - One Last Time (Lyrics).mp3
Meghan Trainor,All About That Bass,1,Songs/Meghan Trainor - Dear Future Husband (Official Video).mp3
Taylor Swift,Style,1,Songs/Sam Smith - Lay Me Down (Official Music Video).mp3
Ed Sheeran,Photograph,1,Songs/Ed Sheeran - Don't [Official Music Video].mp3
Maroon 5,Animals,1,Songs/One Direction - Night Changes.mp3
Rihanna,B**** Better Have My Money,1,Songs/Back To Back.mp3
Sam Smith,Stay With Me,1,Songs/Pharrell Williams - Happy (Video).mp3
Beyonce,7/11,1,Songs/Imagine Dragons - Demons (Official Music Video).mp3
One Direction,Drag Me Down,1,Songs/One Direction - Story of My Life.mp3
Ariana Grande,One Last Time,1,Songs/Maroon 5 - Maps.mp3
Meghan Trainor,Dear Future Husband,1,Songs/Nicki Minaj - Anaconda.mp3
Sam Smith,Lay Me Down,1,Songs/Miley Cyrus - Wrecking Ball (Official Video).mp3
Ed Sheeran,Don't,1,Songs/Justin Timberlake - Not a Bad Thing (Official Audio).mp3
One Direction,Night Changes,1,Songs/Katy Perry - Roar.mp3
Drake,Back To Back,1,Songs/Coldplay - A Sky Full Of Stars (Official Video).mp3
Pharrell Williams,Happy,1,Songs/Ed Sheeran - Sing [Official Music Video].mp3
Imagine Dragons,Demons,1,Songs/Imagine Dragons - Radioactive.mp3
One Direction,Story Of My Life,1,Songs/Katy Perry - Birthday (Lyric Video).mp3
Maroon 5,Maps,1,Songs/Beyoncé - Partition (Explicit Video).mp3
Nicki Minaj,Anaconda,1,Songs/Justin Timberlake - Mirrors (Lyrics).mp3
Miley Cyrus,Wrecking Ball,1,Songs/Bruno Mars - When I Was Your Man (Official Music Video).mp3
Justin Timberlake,Not A Bad Thing,1,Songs/Bruno Mars - Locked Out Of Heaven (Official Music Video).mp3
Katy Perry,Roar,1,Songs/Taylor Swift - I Knew You Were Trouble.mp3
Coldplay,A Sky Full Of Stars,1,Songs/Miley Cyrus - We Can't Stop (Official Video).mp3
Ed Sheeran,Sing,1,Songs/Rihanna - Diamonds.mp3
Imagine Dragons,Radioactive,1,Songs/Bruno Mars - Treasure (Official Music Video).mp3
Katy Perry,Birthday,1,Songs/Drake - Started From The Bottom.mp3
Beyonce,Partition,1,Songs/Maroon 5 - Daylight (Official Music Video).mp3
Drake,0 To 100 / The Catch Up,1,Songs/Lady Gaga - Applause.mp3
Justin Timberlake,Mirrors,1,Songs/Maroon 5 - One More Night (Official Music Video).mp3
Bruno Mars,When I Was Your Man,1,Songs/Imagine Dragons - It's Time (Official Music Video).mp3
Bruno Mars,Locked Out Of Heaven,1,Songs/Maroon 5 - Love Somebody.mp3
Taylor Swift,I Knew You Were Trouble.,1,Songs/P!nk - Try (Official Video).mp3
Miley Cyrus,We Can't Stop,1,Songs/Ke$ha - Die Young (Official Video).mp3
Rihanna,Diamonds,1,Songs/Eminem - Berzerk (Official Music Video) (Explicit).mp3
Bruno Mars,Treasure,1,Songs/Rihanna - Pour It Up (Explicit).mp3
Drake,Started From The Bottom,1,Songs/Taylor Swift - 22.mp3
Maroon 5,Daylight,1,Songs/One Direction - Best Song Ever.mp3
Lady Gaga,Applause,1,Songs/Ed Sheeran - The A Team [Official Music Video].mp3
Maroon 5,One More Night,1,Songs/Kendrick Lamar - Swimming Pools (Drank).mp3
Imagine Dragons,It's Time,1,Songs/Ne-Yo - Let Me Love You (Until You Learn To Love Yourself) (Official Music Video).mp3
Maroon 5,Love Somebody,1,Songs/Nicki Minaj - Starships (Explicit).mp3
P!nk,Try,1,Songs/One Direction - What Makes You Beautiful (Official Video).mp3
Ke$ha,Die Young,1,Songs/Set Fire to the Rain.mp3
Eminem,Berzerk,1,Songs/LMFAO - Sexy and I Know It.mp3
Rihanna,Pour It Up,1,Songs/Katy Perry - Wide Awake (Official Video).mp3
Taylor Swift,22,1,Songs/Rihanna - Where Have You Been.mp3
One Direction,Best Song Ever,1,Songs/Bruno Mars - It Will Rain (Official Music Video).mp3
Ed Sheeran,The A Team,1,Songs/Justin Bieber - Boyfriend (Official Audio).mp3
Kendrick Lamar,Swimming Pools (Drank),1,Songs/Katy Perry - Part Of Me (Official).mp3
Ne-Yo,Let Me Love You (Until You Learn To Love Yourself),1,Songs/Taylor Swift - We Are Never Ever Getting Back Together.mp3
Nicki Minaj,Starships,1,Songs/P!NK - Blow Me (One Last Kiss).mp3
One Direction,What Makes You Beautiful,1,Songs/Katy Perry - The One That Got Away (Official Music Video).mp3
Adele,Set Fire To The Rain,1,Songs/Adele - Someone Like You (Official Music Video).mp3
LMFAO,Sexy And I Know It,1,Songs/Usher - Scream (Official Audio).mp3
Katy Perry,Wide Awake,1,Songs/Chris Brown - Don't Wake Me Up (Official Music Video).mp3
Rihanna,Where Have You Been,1,Songs/Rumour Has It.mp3
Bruno Mars,It Will Rain,1,Songs/Carrie Underwood - Good Girl.mp3
Justin Bieber,Boyfriend,1,Songs/Coldplay - Paradise (Official Video).mp3
Katy Perry,Part Of Me,1,Songs/Carrie Underwood - Blown Away.mp3
Taylor Swift,We Are Never Ever Getting Back Together,1,Songs/Adele - Rolling in the Deep (Official Music Video).mp3
P!nk,Blow Me (One Last Kiss),1,Songs/Usher - Climax (Official Music Video).mp3
Katy Perry,The One That Got Away,1,Songs/Nicki Minaj - Pound The Alarm (Explicit).mp3
Adele,Someone Like You,1,Songs/Chris Brown - Turn Up the Music.mp3
Usher,Scream,1,Songs/Rihanna - You Da One.mp3
Chris Brown,Don't Wake Me Up,1,Songs/Katy Perry - Firework (Official Music Video).mp3
Adele,Rumour Has It,1,Songs/Bruno Mars - Grenade (Official Music Video).mp3
Carrie Underwood,Good Girl,1,Songs/Nicki Minaj - Super Bass.mp3
Coldplay,Paradise,1,Songs/The Black Eyed Peas - Just Can't Get Enough (Official Music Video).mp3
Carrie Underwood,Blown Away,1,Songs/Rihanna - S&M.mp3
Adele,Rolling In The Deep,1,Songs/Katy Perry - Last Friday Night (T.G.I.F.) (Official Music Video).mp3
Usher,Climax,1,Songs/Bruno Mars - Just The Way You Are (Official Music Video).mp3
Nicki Minaj,Pound The Alarm,1,Songs/P!nk - Raise Your Glass (Official Video).mp3
Chris Brown,Turn Up The Music,1,Songs/Lady Gaga - Born This Way (Official Music Video).mp3
Rihanna,You Da One,1,Songs/Lil Wayne - How To Love (Official Music Video).mp3
Katy Perry,Firework,1,Songs/Bruno Mars - The Lazy Song (Official Music Video).mp3
Bruno Mars,Grenade,1,Songs/Britney Spears - Till The World Ends (Official Video).mp3
Nicki Minaj,Super Bass,1,Songs/Lady Gaga - The Edge Of Glory.mp3
The Black Eyed Peas,Just Can't Get Enough,1,Songs/Ke$ha - We R Who We R (Official Video).mp3
Rihanna,S&M,1,Songs/Ke$ha - Blow (Official Video).mp3
Katy Perry,Last Friday Night (T.G.I.F.),1,Songs/The Black Eyed Peas - The Time (Dirty Bit).mp3
Bruno Mars,Just The Way You Are,1,Songs/Rihanna - Only Girl (In The World).mp3
P!nk,Raise Your Glass,1,Songs/Britney Spears - I Wanna Go (Official Video).mp3
Lady Gaga,Born This Way,1,Songs/Chris Brown - Yeah 3x.mp3
P!nk,F**kin' Perfect,1,"Songs/Kanye West - All Of The Lights ft. Rihanna, Kid Cudi.mp3"
Lil Wayne,How To Love,1,Songs/Britney Spears - Hold It Against Me (Official Video).mp3
Bruno Mars,The Lazy Song,1,Songs/More (RedOne Jimmy Joker Remix).mp3
Britney Spears,Till The World Ends,1,Songs/Avril Lavigne - What The Hell (Official Video).mp3
Lady Gaga,The Edge Of Glory,1,Songs/Lady Gaga - Yoü And I.mp3
Ke$ha,We R Who We R,1,Songs/Taylor Swift - Back To December.mp3
Ke$ha,Blow,1,Songs/Katy Perry - Teenage Dream (Official Music Video).mp3
The Black Eyed Peas,The Time (Dirty Bit),1,Songs/Rihanna - Cheers (Drink To That).mp3
Rihanna,Only Girl (In The World),1,Songs/Drake - Headlines (Explicit).mp3
Britney Spears,I Wanna Go,1,Songs/Beyoncé - Best Thing I Never Had (Video).mp3
Chris Brown,Yeah 3X,1,Songs/Chris Brown - She Ain't You.mp3
Kanye West,All Of The Lights,1,Songs/Ke$ha - TiK ToK (Official HD Video).mp3
Britney Spears,Hold It Against Me,1,Songs/Lady Gaga - Bad Romance (Official Music Video).mp3
Usher,More,1,Songs/Rihanna - Rude Boy.mp3
Avril Lavigne,What The Hell,1,Songs/The Black Eyed Peas - Imma Be (Official Music Video).mp3
Lady Gaga,You And I,1,Songs/Eminem - Not Afraid.mp3
Taylor Swift,Back To December,1,Songs/Ke$ha - Your Love Is My Drug (Official Video).mp3
Katy Perry,Teenage Dream,1,Songs/The Black Eyed Peas - I Gotta Feeling (Official Music Video).mp3
Rihanna,Cheers (Drink To That),1,Songs/Drake - Find Your Love (Official Music Video).mp3
Drake,Headlines,1,Songs/Lady Gaga - Alejandro (Official Music Video).mp3
Beyonce,Best Thing I Never Had,1,Songs/Taylor Swift - Mine.mp3
Chris Brown,She Ain't You,1,Songs/Taylor Swift - You Belong With Me.mp3
Ke$ha,TiK ToK,1,Songs/The Black Eyed Peas - Meet Me Halfway (Official Music Video).mp3
Lady Gaga,Bad Romance,1,Songs/Ke$ha - Take It Off (Official Video).mp3
Rihanna,Rude Boy,1,Songs/Over.mp3
The Black Eyed Peas,Imma Be,1,Songs/Maroon 5 - Misery (Official Music Video).mp3
Eminem,Not Afraid,1,Songs/Lady Gaga - Paparazzi (Official Music Video).mp3
Ke$ha,Your Love Is My Drug,1,Songs/Nicki Minaj - Your Love (Official Music Video).mp3
The Black Eyed Peas,I Gotta Feeling,1,Songs/Miley Cyrus - Party In The U.S.A. (Official Video).mp3
Drake,Find Your Love,1,Songs/Britney Spears - 3 (Official HD Video).mp3
Lady Gaga,Alejandro,1,Songs/The Black Eyed Peas - Rock That Body (Official Music Video).mp3
Taylor Swift,Mine,1,Songs/Alicia Keys - Un-thinkable (I'm Ready) (Official Video).mp3
Taylor Swift,You Belong With Me,1,Songs/Usher - There Goes My Baby (Official Music Video).mp3
The Black Eyed Peas,Meet Me Halfway,1,Songs/Taylor Swift - Today Was A Fairytale (Taylor's Version) (Lyric Video).mp3
Ke$ha,Take It Off,1,Songs/Beyoncé - Sweet Dreams.mp3
Drake,Over,1,Songs/Carrie Underwood - Undo It (Official Video).mp3
Maroon 5,Misery,1,Songs/Daughtry - Life After You.mp3
Lady Gaga,Paparazzi,1,Songs/Alicia Keys - Try Sleeping with a Broken Heart (Official Video).mp3
Nicki Minaj,Your Love,1,Songs/The Black Eyed Peas - Boom Boom Pow (Official Music Video).mp3
Miley Cyrus,Party In The U.S.A.,1,Songs/Lady Gaga - Poker Face (Official Music Video).mp3
Britney Spears,3,1,Songs/Taylor Swift - Love Story.mp3
The Black Eyed Peas,Rock That Body,1,Songs/Beyoncé - Single Ladies (Put a Ring on It) (Video Version).mp3
Alicia Keys,Un-Thinkable (I'm Ready),1,Songs/The Fray - You Found Me.mp3
Usher,There Goes My Baby,1,Songs/Miley Cyrus - The Climb.mp3
Taylor Swift,Today Was A Fairytale,1,Songs/Best I Ever Had.mp3
Beyonce,Sweet Dreams,1,Songs/Beyoncé - Halo.mp3
Carrie Underwood,Undo It,1,Songs/Katy Perry - Hot N Cold (Official Music Video).mp3
Daughtry,Life After You,1,Songs/Britney Spears - Circus (Official HD Video).mp3
Alicia Keys,Try Sleeping With A Broken Heart,1,Songs/Lady Gaga - LoveGame (Official Music Video).mp3
The Black Eyed Peas,Boom Boom Pow,1,Songs/Katy Perry - Waking Up In Vegas (Official).mp3
Lady Gaga,Poker Face,1,Songs/P!NK - Sober.mp3
Taylor Swift,Love Story,1,Songs/Britney Spears - Womanizer (Director's Cut) (Official HD Video).mp3
Beyonce,Single Ladies (Put A Ring On It),1,Songs/T.I. - Whatever You Like [Official Video].mp3
The Fray,You Found Me,1,Songs/Ne-Yo - Mad (Official Music Video).mp3
Miley Cyrus,The Climb,1,Songs/Kanye West - Love Lockdown.mp3
Drake,Best I Ever Had,1,Songs/P!nk - So What (Official Video).mp3
Beyonce,Halo,1,Songs/Beyoncé - If I Were A Boy.mp3
Katy Perry,Hot N Cold,1,Songs/The Pussycat Dolls - I Hate This Part (Official Music Video).mp3
Britney Spears,Circus,1,Songs/Nickelback - Gotta Be Somebody [OFFICIAL HD VIDEO].mp3
Lady Gaga,LoveGame,1,Songs/P!nk - Please Don't Leave Me (Official Video).mp3
Katy Perry,Waking Up In Vegas,1,Songs/Coldplay - Viva La Vida (Official Video).mp3
P!nk,Sober,1,Songs/Akon - Right Now (Na Na Na) (Official Video).mp3
Britney Spears,Womanizer,1,Songs/Jordin Sparks - Battlefield.mp3
T.I.,Whatever You Like,1,Songs/Ne-Yo - Miss Independent.mp3
Ne-Yo,Mad,1,Songs/Daughtry - No Surprise.mp3
Kanye West,Love Lockdown,1,Songs/Nickelback - If Today Was Your Last Day [OFFICIAL HD VIDEO].mp3
P!nk,So What,1,Songs/Britney Spears - If U Seek Amy (Official HD Video).mp3
Beyonce,If I Were A Boy,1,Songs/Taylor Swift - White Horse.mp3
The Pussycat Dolls,I Hate This Part,1,Songs/Rihanna - Disturbia.mp3
Nickelback,Gotta Be Somebody,1,Songs/Beyoncé - Diva.mp3
P!nk,Please Don't Leave Me,1,Songs/Justin Bieber - One Time (Official Music Video).mp3
Coldplay,Viva La Vida,1,Songs/The Fray - Never Say Never.mp3
Akon,Right Now (Na Na Na),1,Songs/Leona Lewis - Bleeding Love (US Version - Official Video).mp3
Jordin Sparks,Battlefield,1,Songs/Alicia Keys - No One (Official Music Video).mp3
Ne-Yo,Miss Independent,1,Songs/Chris Brown - With You (Official HD Video).mp3
Daughtry,No Surprise,1,Songs/Chris Brown - Forever (Official HD Video).mp3
Nickelback,If Today Was Your Last Day,1,Songs/Rihanna - Take A Bow.mp3
Britney Spears,If U Seek Amy,1,Songs/Katy Perry - I Kissed A Girl (Official Music Video).mp3
Taylor Swift,White Horse,1,Songs/Rihanna - Don't Stop The Music.mp3
Rihanna,Disturbia,1,Songs/Ne-Yo - Closer (Official Music Video).mp3
Beyonce,Diva,1,Songs/Fergie - Clumsy.mp3
Justin Bieber,One Time,1,Songs/Jordin Sparks - Tattoo (Speer Version).mp3
The Fray,Never Say Never,1,Songs/See You Again.mp3
Leona Lewis,Bleeding Love,1,Songs/Taylor Swift - Our Song.mp3
Alicia Keys,No One,1,Songs/A Milli.mp3
Chris Brown,With You,1,Songs/Alicia Keys - Like You'll Never See Me Again (Official Video).mp3
Chris Brown,Forever,1,Songs/Taylor Swift - Teardrops On My Guitar.mp3
Rihanna,Take A Bow,1,Songs/The Pussycat Dolls - When I Grow Up (Official Music Video).mp3
Katy Perry,I Kissed A Girl,1,Songs/Leona Lewis - Better in Time (Official Video).mp3
Rihanna,Don't Stop The Music,1,Songs/Jordin Sparks - One Step At A Time.mp3
Ne-Yo,Closer,1,Songs/Jonas Brothers - Burnin' Up (Official Music Video).mp3
Fergie,Clumsy,1,Songs/Fergie - Big Girls Don't Cry (Personal) (Official Music Video).mp3
Jordin Sparks,Tattoo,1,Songs/Mary J. Blige - Just Fine (Official Music Video).mp3
Miley Cyrus,See You Again,1,Songs/Britney Spears - Piece Of Me (Official HD Video).mp3
Taylor Swift,Our Song,1,Songs/Miley Cyrus - 7 Things (Official Video).mp3
Lil Wayne,A Milli,1,Songs/Daughtry - Feels Like Tonight (Official Music Video).mp3
Alicia Keys,Like You'll Never See Me Again,1,Songs/Beyoncé - Irreplaceable.mp3
Taylor Swift,Teardrops On My Guitar,1,Songs/Carrie Underwood - Before He Cheats (Official Video).mp3
The Pussycat Dolls,When I Grow Up,1,Songs/Akon - Don't Matter (Official Music Video).mp3
Leona Lewis,Better In Time,1,Songs/Avril Lavigne - Girlfriend (Official Video).mp3
Jordin Sparks,One Step At A Time,1,Songs/Maroon 5 - Makes Me Wonder (Official Music Video).mp3
Jonas Brothers,Burnin' Up,1,Songs/Daughtry - It's Not Over.mp3
Fergie,Big Girls Don't Cry,1,Songs/Fergie - Fergalicious (Official Music Video).mp3
Mary J. Blige,Just Fine,1,Songs/What Goes Around...Comes Around (Official Video).mp3
Britney Spears,Piece Of Me,1,Songs/The Fray - How to Save a Life (Official Video).mp3
Miley Cyrus,7 Things,1,Songs/Daughtry - Home (Official Video).mp3
Daughtry,Feels Like Tonight,1,Songs/Kanye West - Stronger.mp3
Beyonce,Irreplaceable,1,Songs/P!NK - U + Ur Hand.mp3
Carrie Underwood,Before He Cheats,1,Songs/Rockstar.mp3
Akon,Don't Matter,1,Songs/Justin Timberlake - Summer Love (Lyrics).mp3
Avril Lavigne,Girlfriend,1,Songs/Nickelback - If Everyone Cared [OFFICIAL VIDEO].mp3
Maroon 5,Makes Me Wonder,1,Songs/Ne-Yo - Because Of You (Official Music Video).mp3
Daughtry,It's Not Over,1,Songs/Justin Timberlake - SexyBack (Official Video) ft. Timbaland.mp3
Fergie,Fergalicious,1,Songs/Avril Lavigne - Keep Holding On (Official Audio).mp3
Justin Timberlake,What Goes Around...Comes Around,1,Songs/P!nk - Who Knew (Official Video).mp3
The Fray,How To Save A Life,1,Songs/T.I. - Big Things Poppin' (Do It) [Official Video].mp3
Daughtry,Home,1,Songs/Gwen Stefani - Wind It Up (Official Music Video).mp3
Kanye West,Stronger,1,Songs/Rihanna - Shut Up And Drive.mp3
P!nk,U + Ur Hand,1,Songs/Far Away.mp3
Nickelback,Rockstar,1,Songs/Sean Paul - Temperature (Official Video).mp3
Justin Timberlake,Summer Love,1,Songs/Mary J. Blige - Be Without You (Official Music Video).mp3
Nickelback,If Everyone Cared,1,Songs/The Fray - Over My Head (Cable Car) (Video).mp3
Ne-Yo,Because Of You,1,Unpopular/Chris Brown - Run It! (Official HD Video) ft. Juelz Santana.mp3
Justin Timberlake,SexyBack,1,Unpopular/Ne-Yo - So Sick (Official Music Video).mp3
Avril Lavigne,Keep Holding On,1,Unpopular/Rihanna - SOS (Official Music Video).mp3
P!nk,Who Knew,1,Unpopular/Fergie - London Bridge (Oh Snap) (Official Music Video).mp3
T.I.,Big Things Poppin' (Do It),1,Unpopular/Rascal Flatts - What Hurts The Most (Album Version).mp3
Gwen Stefani,Wind It Up,1,Unpopular/Rihanna - Unfaithful (Official Music Video).mp3
Rihanna,Shut Up And Drive,1,Unpopular/The Pussycat Dolls - Stickwitu (Official Music Video) ft. Avant.mp3
Nickelback,Far Away,1,Unpopular/The Black Eyed Peas - My Humps.mp3
Justin Timberlake,LoveStoned,1,Unpopular/Chris Brown - Yo (Excuse Me Miss) (Official HD Video).mp3
Sean Paul,Temperature,1,Unpopular/What You Know.mp3
Mary J. Blige,Be Without You,1,Unpopular/Savin' Me.mp3
The Fray,Over My Head (Cable Car),1,Unpopular/Ne-Yo - Sexy Love (Official Music Video).mp3
Chris Brown,Run It!,1,"Unpopular/Carrie Underwood - Jesus, Take The Wheel (Official Video).mp3"
Ne-Yo,So Sick,1,Unpopular/Sean Paul - We Be Burnin' (Recognize It) [Official Video].mp3
Rihanna,SOS,1,Unpopular/Chris Brown - Say Goodbye (Official HD Video).mp3
Fergie,London Bridge,1,Unpopular/The Black Eyed Peas - Pump It (Official Music Video).mp3
Rascal Flatts,What Hurts The Most,1,Unpopular/Eminem - When I'm Gone (Official Music Video).mp3
Rihanna,Unfaithful,1,Unpopular/Ne-Yo - When You're Mad (Official Music Video).mp3
The Pussycat Dolls,Stickwitu,1,Unpopular/T.I. - Why You Wanna [Official Video].mp3
The Black Eyed Peas,My Humps,1,Unpopular/P!nk - Stupid Girls.mp3
Chris Brown,Yo (Excuse Me Miss),1,Unpopular/T-Pain - I'm Sprung (Official HD Video).mp3
T.I.,What You Know,1,Unpopular/Adele - Easy On Me (Official Video).mp3
Nickelback,Savin' Me,1,Unpopular/Taylor Swift - All Too Well (Taylor's Version) (Lyric Video).mp3
Ne-Yo,Sexy Love,1,Unpopular/Adele - Oh My God (Official Video).mp3
Rascal Flatts,Life Is A Highway,1,Unpopular/Ed Sheeran - Shivers [Official Video].mp3
Carrie Underwood,"Jesus, Take The Wheel",1,Unpopular/Adele - I Drink Wine (Official Video).mp3
Sean Paul,We Be Burnin',1,Unpopular/Adele - My Little Love (Official Lyric Video).mp3
Chris Brown,Say Goodbye,1,Unpopular/Adele - Can I Get It (Official Lyric Video).mp3
The Black Eyed Peas,Pump It,1,Unpopular/Adele - To Be Loved (Official Lyric Video).mp3
Eminem,When I'm Gone,1,Unpopular/Justin Bieber - Ghost.mp3
Ne-Yo,When You're Mad,1,Unpopular/Adele - Strangers By Nature (Official Lyric Video).mp3
T.I.,Why You Wanna,1,Unpopular/Lil Nas X - THATS WHAT I WANT (Official Video).mp3
P!nk,Stupid Girls,1,Unpopular/Adele - Cry Your Heart Out (Official Lyric Video).mp3
T-Pain,I'm Sprung,1,Unpopular/Luke Combs - Cold As You (Official Video).mp3
Adele,Easy On Me,0,Unpopular/Adele - Hold On (Official Lyric Video).mp3
Taylor Swift,All Too Well (Taylor's Version),0,Unpopular/Adele - Woman Like Me (Official Lyric Video).mp3
Adele,Oh My God,0,Unpopular/Adele - Love Is A Game (Official Lyric Video).mp3
Ed Sheeran,Shivers,0,Unpopular/Juice WRLD - Already Dead (Official Audio).mp3
Adele,I Drink Wine,0,Unpopular/Taylor Swift - Message In A Bottle (Taylor's Version) (From The Vault) (Lyric Video).mp3
Adele,My Little Love,0,Unpopular/Doja Cat - Woman (Official Video).mp3
Adele,Can I Get It,0,Unpopular/Luke Combs - Doin' This (Official Video).mp3
Adele,To Be Loved,0,Unpopular/Taylor Swift - Red (Taylor's Version) (Lyric Video).mp3
Justin Bieber,Ghost,0,Unpopular/Taylor Swift - State Of Grace (Taylor's Version) (Lyric Video).mp3
Adele,Strangers By Nature,0,Unpopular/Travis Scott - ESCAPE PLAN (Official Audio).mp3
Lil Nas X,Thats What I Want,0,Unpopular/Jonas Brothers - Who's In Your Head (Official Music Video).mp3
Adele,Cry Your Heart Out,0,Unpopular/BTS (방탄소년단) 'Permission to Dance' Official MV.mp3
Luke Combs,Cold As You,0,Unpopular/Post Malone - Motley Crew (Official Video).mp3
Adele,Hold On,0,Unpopular/Doja Cat - Ain't Shit (Lyrics).mp3
Adele,Woman Like Me,0,Unpopular/Camila Cabello - Don't Go Yet (Official Video).mp3
Adele,Love Is A Game,0,Unpopular/DaBaby - BALL IF I WANT TO (Official Music Video).mp3
Juice WRLD,Already Dead,0,Unpopular/Olivia Rodrigo - favorite crime (Lyric Video).mp3
Morgan Wallen,Sand In My Boots,0,Unpopular/Olivia Rodrigo - happier (Lyric Video).mp3
Taylor Swift,Message In A Bottle (Taylor's Version) (From The Vault),0,Unpopular/DaBaby - Red Light Green Light [Official Music Video].mp3
Doja Cat,Woman,0,Unpopular/Billie Eilish - NDA (Official Music Video).mp3
Luke Combs,Doin' This,0,Unpopular/Olivia Rodrigo - brutal (Official Video).mp3
Taylor Swift,Red (Taylor's Version),0,Unpopular/Justin Bieber - Off My Face (Visualizer).mp3
Taylor Swift,State Of Grace (Taylor's Version),0,Unpopular/Justin Bieber - 2 Much (Live from Paris).mp3
Travis Scott,Escape Plan,0,Unpopular/DaBaby - Masterpiece [Official Music Video].mp3
Jonas Brothers,Who's In Your Head,0,Unpopular/Justin Bieber - Deserve You (Visualizer).mp3
BTS,Permission To Dance,0,Unpopular/Morgan Wallen - Wasted On You (The Dangerous Sessions).mp3
Post Malone,Motley Crew,0,Unpopular/Justin Bieber - Somebody (Live from Paris).mp3
Doja Cat,Ain't Shit,0,Unpopular/Ariana Grande – Santa Tell Me.mp3
Camila Cabello,Don't Go Yet,0,Unpopular/Lil Nas X - HOLIDAY (Official Video).mp3
DaBaby,Ball If I Want To,0,Unpopular/Ed Sheeran - Afterglow [Official Performance Video].mp3
Olivia Rodrigo,Favorite Crime,0,Unpopular/Eminem - GNAT (Directed by Cole Bennett).mp3
Olivia Rodrigo,Happier,0,Unpopular/Justin Bieber - Rockin' Around The Christmas Tree (Audio).mp3
DaBaby,Red Light Green Light,0,Unpopular/Carrie Underwood - Favorite Time Of Year (Official Audio Video).mp3
Billie Eilish,NDA,0,Unpopular/Taylor Swift - champagne problems (Official Lyric Video).mp3
Olivia Rodrigo,Brutal,0,Unpopular/Lady A - Champagne Night (From Songland).mp3
Justin Bieber,Off My Face,0,Unpopular/Morgan Wallen - 7 Summers (Official Music Video).mp3
Justin Bieber,2 Much,0,Unpopular/Taylor Swift - ‘tis the damn season (Official Lyric Video).mp3
DaBaby,Masterpiece,0,Unpopular/Carrie Underwood - Silent Night (Official Audio Video).mp3
Justin Bieber,Deserve You,0,Unpopular/Harry Styles - Golden (Official Video).mp3
Morgan Wallen,Wasted On You,0,Unpopular/BTS (방탄소년단) 'Life Goes On' Official MV.mp3
Justin Bieber,Somebody,0,Unpopular/Stay.mp3
Ariana Grande,Santa Tell Me,0,Unpopular/Morgan Wallen - Somebody’s Problem (Official Lyric Video).mp3
Lil Nas X,Holiday,0,Unpopular/Morgan Wallen - Still Goin Down (Official Lyric Video).mp3
Ed Sheeran,Afterglow,0,Unpopular/Shawn Mendes - Wonder.mp3
Eminem,Gnat,0,Unpopular/Miley Cyrus - Midnight Sky (Official Video).mp3
Justin Bieber,Rockin' Around The Christmas Tree,0,Unpopular/Morgan Wallen - Livin’ The Dream (Official Lyric Video).mp3
Carrie Underwood,Favorite Time Of Year,0,Unpopular/Morgan Wallen - Cover Me Up.mp3
Taylor Swift,Champagne Problems,0,Unpopular/Juice WRLD - Conversations (Official Audio).mp3
Lady A,Champagne Night,0,Unpopular/Juice WRLD - Blood On My Jeans (Official Audio).mp3
Morgan Wallen,7 Summers,0,Unpopular/Juice WRLD - Righteous (Official Video).mp3
Taylor Swift,'Tis The Damn Season,0,Unpopular/POP SMOKE - GOT IT ON ME (OFFICIAL VIDEO).mp3
Carrie Underwood,Silent Night,0,Unpopular/Juice WRLD - Titanic (Official Audio).mp3
Harry Styles,Golden,0,Unpopular/Juice WRLD - Stay High (Official Audio).mp3
BTS,Life Goes On,0,Unpopular/Juice WRLD - Bad Energy (Official Audio).mp3
BTS,Blue & Grey,0,Unpopular/Pop Smoke - Something Special (Audio).mp3
BTS,Stay,0,Unpopular/Juice WRLD - Up Up And Away (Official Audio).mp3
Morgan Wallen,Somebody's Problem,0,Unpopular/Juice WRLD - Fighting Demons (Official Audio).mp3
Morgan Wallen,Still Goin Down,0,Unpopular/Juice WRLD - Man Of The Year (Official Audio).mp3
Shawn Mendes,Wonder,0,Unpopular/Juice WRLD - Can't Die (Official Audio).mp3
BTS,Fly To My Room,0,Unpopular/Juice WRLD - Screw Juice (Official Audio).mp3
BTS,Telepathy,0,Unpopular/The Weeknd - In Your Eyes (Official Audio).mp3
BTS,Dis-ease,0,Unpopular/The Weeknd - Alone Again (Official Live Performance).mp3
Miley Cyrus,Midnight Sky,0,Unpopular/The Weeknd - After Hours (Audio).mp3
Morgan Wallen,Livin' The Dream,0,Unpopular/The Weeknd - Scared To Live (Audio).mp3
Morgan Wallen,Cover Me Up,0,Unpopular/The Weeknd - Hardest To Love (Audio).mp3
Juice WRLD,Conversations,0,Unpopular/Lady Gaga - Stupid Love (Official Music Video).mp3
Juice WRLD,Blood On My Jeans,0,Unpopular/The Weeknd - Too Late (Audio).mp3
Juice WRLD,Righteous,0,Unpopular/The Weeknd - Snowchild (Animated Video).mp3
Pop Smoke,Got It On Me,0,Unpopular/The Weeknd - Escape From LA (Audio).mp3
Juice WRLD,Titanic,0,Unpopular/The Weeknd - Faith (Audio).mp3
Juice WRLD,Stay High,0,Unpopular/The Weeknd - Repeat After Me (Interlude) (Audio).mp3
Juice WRLD,Bad Energy,0,Unpopular/Jonas Brothers - What A Man Gotta Do (Official Video).mp3
Pop Smoke,Something Special,0,Unpopular/The Weeknd - Until I Bleed Out (Official Video).mp3
Juice WRLD,Up Up And Away,0,Unpopular/Sam Smith - To Die For (Official Music Video).mp3
Juice WRLD,Fighting Demons,0,Unpopular/Jonas Brothers - Like It's Christmas (Official Lyric Video).mp3
Juice WRLD,Man Of The Year,0,Unpopular/Taylor Swift - Lover (Official Music Video).mp3
Juice WRLD,Can't Die,0,Unpopular/Halsey - Graveyard.mp3
Juice WRLD,Screw Juice,0,Unpopular/DaBaby - VIBEZ (Official Music Video).mp3
The Weeknd,In Your Eyes,0,Unpopular/Doja Cat - Candy (Audio).mp3
The Weeknd,Alone Again,0,Unpopular/Billie Eilish - all the good girls go to hell (Official Music Video).mp3
The Weeknd,After Hours,0,Unpopular/Kanye West - Follow God.mp3
The Weeknd,Scared To Live,0,Unpopular/Katy Perry - Never Really Over (Official Video).mp3
The Weeknd,Hardest To Love,0,Unpopular/Cardi B - Press [Official Music Video].mp3
Lady Gaga,Stupid Love,0,Unpopular/Taylor Swift - The Archer (Lyric Video).mp3
The Weeknd,Too Late,0,Unpopular/Halsey - Nightmare.mp3
The Weeknd,Snowchild,0,Unpopular/Jonas Brothers - Cool (Official Video).mp3
The Weeknd,Escape From LA,0,Unpopular/Beyoncé - Before I Let Go (Official Audio).mp3
The Weeknd,Faith,0,Unpopular/Carrie Underwood - Southbound (Official Music Video).mp3
The Weeknd,Repeat After Me (Interlude),0,Unpopular/Nicki Minaj - MEGATRON.mp3
Jonas Brothers,What A Man Gotta Do,0,Unpopular/Imagine Dragons - Bad Liar.mp3
The Weeknd,Until I Bleed Out,0,Unpopular/Lil Baby - Pure Cocaine (Official Music Video).mp3
Sam Smith,To Die For,0,Unpopular/Billie Eilish - wish you were gay (Official Audio).mp3
Jonas Brothers,Like It's Christmas,0,Unpopular/Juice WRLD - Hear Me Calling (Official Audio).mp3
Taylor Swift,Lover,0,Unpopular/Chris Brown - Undecided (Official Video).mp3
Halsey,Graveyard,0,Unpopular/Juice WRLD - Empty (Official Audio).mp3
DaBaby,VIBEZ,0,Unpopular/Carrie Underwood - Love Wins (Official Music Video).mp3
Juice WRLD,Let Me Know (I Wonder Why Freestyle),0,Unpopular/Katy Perry - Cozy Little Christmas.mp3
Doja Cat,Candy,0,Unpopular/Luke Combs - She Got the Best of Me.mp3
Billie Eilish,All The Good Girls Go To Hell,0,Unpopular/Lil Wayne - Uproar (Visualizer) ft. Swizz Beatz.mp3
Kanye West,Follow God,0,Unpopular/XXXTENTACION - BAD! (Official Music Video).mp3
Katy Perry,Never Really Over,0,Unpopular/Ariana Grande - imagine (Audio).mp3
Cardi B,Press,0,Unpopular/Camila Cabello - Consequences (orchestra).mp3
Taylor Swift,The Archer,0,Unpopular/Juice WRLD - Armed & Dangerous (Directed by Cole Bennett).mp3
Halsey,Nightmare,0,Unpopular/Billie Eilish - Ocean Eyes (Official Music Video).mp3
Jonas Brothers,Cool,0,Unpopular/Mob Ties.mp3
Beyonce,Before I Let Go,0,Unpopular/Juice WRLD - All Girls Are The Same (Directed by Cole Bennett).mp3
Carrie Underwood,Southbound,0,Unpopular/Carrie Underwood - Cry Pretty (Official Music Video).mp3
Nicki Minaj,MEGATRON,0,Unpopular/twenty one pilots - Jumpsuit (Official Video).mp3
Imagine Dragons,Bad Liar,0,Unpopular/Kanye West - All Mine (Lyric Video).mp3
Lil Baby,Pure Cocaine,0,Unpopular/Billie Eilish - you should see me in a crown (Official Video By Takashi Murakami).mp3
Billie Eilish,Wish You Were Gay,0,Unpopular/Emotionless.mp3
Juice WRLD,Hear Me Calling,0,Unpopular/Can’t Take A Joke.mp3
Chris Brown,Undecided,0,Unpopular/Meghan Trainor - No Excuses.mp3
Juice WRLD,Empty,0,Unpopular/P!NK - Beautiful Trauma (Official Video).mp3
Carrie Underwood,Love Wins,0,Unpopular/Chris Brown - Tempo (Official Video).mp3
Katy Perry,Cozy Little Christmas,0,Unpopular/the remedy for a broken heart (why am I so in love).mp3
Luke Combs,She Got The Best Of Me,0,Unpopular/Believe.mp3
Lil Wayne,Uproar,0,Unpopular/Luke Combs - When It Rains It Pours.mp3
XXXTENTACION,BAD!,0,Unpopular/Taylor Swift - Call It What You Want (Lyric Video).mp3
Ariana Grande,Imagine,0,Unpopular/XXXTENTACION - Jocelyn Flores (Audio).mp3
Camila Cabello,Consequences,0,Unpopular/Taylor Swift - Gorgeous (Lyric Video).mp3
Juice WRLD,Armed And Dangerous,0,Unpopular/Chris Brown - Questions (Official Video).mp3
Billie Eilish,Ocean Eyes,0,Unpopular/Post Malone - Go Flex.mp3
Drake,Mob Ties,0,Unpopular/Bruno Mars - Versace on the Floor (Official Music Video).mp3
Juice WRLD,All Girls Are The Same,0,Unpopular/Travis Scott - BUTTERFLY EFFECT.mp3
Carrie Underwood,Cry Pretty,0,Unpopular/Rascal Flatts - Yours If You Want It (Official Video).mp3
twenty one pilots,Jumpsuit,0,Unpopular/Camila Cabello - Crying In The Club (Official Video).mp3
Kanye West,All Mine,0,Unpopular/Chris Brown - Privacy (Official Video).mp3
Billie Eilish,You Should See Me In A Crown,0,Unpopular/Lady Gaga - The Cure (Official Audio).mp3
Drake,Emotionless,0,Unpopular/Drake - Signs.mp3
Drake,Can't Take A Joke,0,Unpopular/The Weeknd - Reminder (Official Video).mp3
Meghan Trainor,No Excuses,0,Unpopular/Kendrick Lamar - ELEMENT..mp3
P!nk,Beautiful Trauma,0,Unpopular/Lady Gaga - Million Reasons (Official Music Video).mp3
Chris Brown,Tempo,0,Unpopular/Nicki Minaj - Regret In Your Tears.mp3
XXXTENTACION,The Remedy For A Broken Heart (Why Am I So In Love),0,Unpopular/Ed Sheeran - Galway Girl [Official Music Video].mp3
Post Malone,Candy Paint,0,Unpopular/Future - Draco.mp3
Taylor Swift,...Ready For It?,0,Unpopular/The Weeknd - Party Monster (Audio).mp3
Lil Baby,My Dawg,0,Unpopular/Ed Sheeran - Dive [Official Audio].mp3
Eminem,Believe,0,Unpopular/Carrie Underwood - Dirty Laundry (Official Video).mp3
Luke Combs,When It Rains It Pours,0,Unpopular/The Weeknd - Six Feet Under (Audio).mp3
Taylor Swift,Call It What You Want,0,Unpopular/Kanye West - Fade (Explicit).mp3
XXXTENTACION,Jocelyn Flores,0,Unpopular/Sex With Me.mp3
Taylor Swift,Gorgeous,0,Unpopular/Katy Perry - Rise (Official).mp3
Chris Brown,Questions,0,Unpopular/Carrie Underwood - Church Bells (Official Video).mp3
Post Malone,Go Flex,0,Unpopular/Fetty Wap - Wake Up [Official Video].mp3
Bruno Mars,Versace On The Floor,0,Unpopular/Famous.mp3
Travis Scott,Butterfly Effect,0,Unpopular/Fergie - M.I.L.F. $ (Official Music Video).mp3
Rascal Flatts,Yours If You Want It,0,Unpopular/Drake - Childs Play.mp3
Camila Cabello,Crying In The Club,0,Unpopular/Summer Sixteen.mp3
Chris Brown,Privacy,0,Unpopular/Carrie Underwood - Heartbeat (Official Video).mp3
Lady Gaga,The Cure,0,Unpopular/Rascal Flatts - I Like The Sound Of That (Official Video).mp3
Drake,Signs,0,Unpopular/Taylor Swift - New Romantics (Taylor's Version) (Lyric Video).mp3
The Weeknd,Reminder,0,Unpopular/The Weeknd - Acquainted (Official Audio).mp3
Kendrick Lamar,Element.,0,Unpopular/Justin Bieber - Company.mp3
Lady Gaga,Million Reasons,0,Unpopular/Fetty Wap - Jimmy Choo [Audio Only].mp3
Nicki Minaj,Regret In Your Tears,0,Unpopular/Gwen Stefani - Make Me Like You.mp3
Ed Sheeran,Galway Girl,0,Unpopular/Ariana Grande - Focus.mp3
Future,Draco,0,Unpopular/Fetty Wap  - Again [Audio Only].mp3
The Weeknd,Party Monster,0,Unpopular/Justin Bieber - I'll Show You.mp3
Ed Sheeran,Dive,0,Unpopular/Gwen Stefani - Used To Love You.mp3
Carrie Underwood,Dirty Laundry,0,Unpopular/Halsey - New Americana.mp3
The Weeknd,Six Feet Under,0,Unpopular/Drake - Right Hand.mp3
Kanye West,Fade,0,Unpopular/Carrie Underwood - Smoke Break (Official Video).mp3
Rihanna,Sex With Me,0,Unpopular/Justin Bieber - Life is worth living (Lyrics).mp3
Katy Perry,Rise,0,Unpopular/Chris Brown - Liquor.mp3
Carrie Underwood,Church Bells,0,Unpopular/Been You.mp3
Fetty Wap,Wake Up,0,Unpopular/One Direction - If I Could Fly (Audio).mp3
Kanye West,Famous,0,Unpopular/One Direction - Olivia (Audio).mp3
Fergie,M.I.L.F. $,0,Unpopular/Justin Bieber - Get Used To It (Audio).mp3
Drake,Childs Play,0,Unpopular/One Direction - A.M. (Audio).mp3
Drake,Summer Sixteen,0,Unpopular/Fetty Wap - RGF Island [Audio Only].mp3
Carrie Underwood,Heartbeat,0,Unpopular/One Direction - Temporary Fix (Audio).mp3
Rascal Flatts,I Like The Sound Of That,0,Unpopular/Trust.mp3
Taylor Swift,New Romantics,0,Unpopular/One Direction - Never Enough (Audio).mp3
The Weeknd,Acquainted,0,Unpopular/Nicki Minaj - The Night Is Still Young.mp3
Justin Bieber,Company,0,Unpopular/Carrie Underwood - Little Toy Guns (Official Video).mp3
Fetty Wap,Jimmy Choo,0,Unpopular/Kendrick Lamar - Alright (Official Music Video).mp3
Gwen Stefani,Make Me Like You,0,Unpopular/Drake - Energy.mp3
Ariana Grande,Focus,0,Unpopular/Imagine Dragons - I Bet My Life.mp3
Fetty Wap,Again,0,Unpopular/Know Yourself.mp3
Justin Bieber,I'll Show You,0,Unpopular/Kendrick Lamar - King Kunta.mp3
Gwen Stefani,Used To Love You,0,Unpopular/Legend.mp3
Halsey,New Americana,0,Unpopular/The Blacker The Berry.mp3
Drake,Right Hand,0,Unpopular/10 Bands.mp3
Carrie Underwood,Smoke Break,0,Unpopular/Carrie Underwood - Something in the Water (Official Video).mp3
Justin Bieber,Purpose,0,Unpopular/Fergie - L.A.LOVE (la la) ft. YG (Official Music Video).mp3
Justin Bieber,Mark My Words,0,Unpopular/One Direction - Steal My Girl.mp3
Justin Bieber,Life Is Worth Living,0,Unpopular/The Weeknd - Often (NSFW) (Official Video).mp3
Justin Bieber,Children,0,Unpopular/Kendrick Lamar - i (Official Video).mp3
Chris Brown,Liquor,0,Unpopular/Gwen Stefani - Baby Don't Lie.mp3
Justin Bieber,Been You,0,Unpopular/Katy Perry - This Is How We Do (Official).mp3
One Direction,If I Could Fly,0,Unpopular/One Direction - Stockholm Syndrome (Audio).mp3
One Direction,Olivia,0,Unpopular/Nicki Minaj - Pills N Potions.mp3
Justin Bieber,Get Used To It,0,Unpopular/Pharrell Williams - Come Get It Bae (Video).mp3
One Direction,A.M.,0,Unpopular/Iggy Azalea - Work (Official Music Video).mp3
Fetty Wap,RGF Island,0,Unpopular/Usher - Good Kisser.mp3
One Direction,Temporary Fix,0,Unpopular/#SELFIE (Official Music Video) - The Chainsmokers.mp3
Justin Bieber,Trust,0,Unpopular/Bruno Mars - Young Girls (Official Audio).mp3
One Direction,Never Enough,0,Unpopular/Rascal Flatts - Rewind.mp3
Maroon 5,This Summer's Gonna Hurt...,0,Unpopular/Coldplay - Magic (Official Video).mp3
Nicki Minaj,The Night Is Still Young,0,Unpopular/Imagine Dragons - On Top Of The World (Official Music Video).mp3
Future,Commas,0,Unpopular/Katy Perry - Unconditionally (Official).mp3
Carrie Underwood,Little Toy Guns,0,Unpopular/Eminem - Rap God (Explicit).mp3
Kendrick Lamar,Alright,0,Unpopular/Beyoncé - XO (Video).mp3
twenty one pilots,Tear In My Heart,0,Unpopular/Drake - The Language (Explicit).mp3
Drake,Energy,0,Unpopular/Justin Timberlake - TKO (Official Video).mp3
Imagine Dragons,I Bet My Life,0,Unpopular/Justin Bieber - All That Matters.mp3
Drake,Know Yourself,0,Unpopular/Kanye West - Bound 2.mp3
Kendrick Lamar,King Kunta,0,Unpopular/Future - Honest (Audio).mp3
Drake,Legend,0,Unpopular/Britney Spears - Perfume (Official Video).mp3
Kendrick Lamar,The Blacker The Berry,0,Unpopular/Drake - Worst Behavior.mp3
Drake,10 Bands,0,Unpopular/Daughtry - Waiting for Superman.mp3
twenty one pilots,Fairly Local,0,Unpopular/Eminem - Survival (Explicit).mp3
Carrie Underwood,Something In The Water,0,Unpopular/One Direction - Diana (Audio).mp3
Fergie,L.A.LOVE (la la),0,Unpopular/One Direction - Midnight Memories.mp3
One Direction,Steal My Girl,0,Unpopular/Rihanna - What Now (Official).mp3
The Weeknd,Often,0,Unpopular/Taylor Swift - Red (Taylor's Version) (Lyric Video).mp3
Kendrick Lamar,i,0,Unpopular/Bruno Mars - Gorilla (Official Music Video).mp3
Gwen Stefani,Baby Don't Lie,0,Unpopular/One Direction - Strong (Audio).mp3
Katy Perry,This Is How We Do,0,Unpopular/Britney Spears - Work Bitch (Official Video).mp3
One Direction,Stockholm Syndrome,0,Unpopular/Ariana Grande - Last Christmas (Audio).mp3
Nicki Minaj,Pills N Potions,0,Unpopular/Justin Timberlake - Take Back the Night (Official Video).mp3
Pharrell Williams,Come Get It Bae,0,Unpopular/Britney Spears - Ooh La La (From The Smurfs 2).mp3
Iggy Azalea,Work,0,Unpopular/Avril Lavigne - Here's to Never Growing Up (Official Video).mp3
Usher,Good Kisser,0,Unpopular/Chris Brown - Fine China (Official Video).mp3
The Chainsmokers,#SELFIE,0,Unpopular/Carrie Underwood - Two Black Cadillacs.mp3
Bruno Mars,Young Girls,0,Unpopular/One Direction - Kiss You (Official).mp3
Rascal Flatts,Rewind,0,Unpopular/Pusher Love Girl.mp3
Coldplay,Magic,0,Unpopular/Future - Neva End (Remix) (Official Music Video) ft. Kelly Rowland.mp3
Imagine Dragons,On Top Of The World,0,Unpopular/Ke$ha - C'Mon (Official Lyric Video).mp3
Katy Perry,Unconditionally,0,Unpopular/One Direction - One Way Or Another (Teenage Kicks).mp3
Eminem,Rap God,0,"Unpopular/Kendrick Lamar - Bitch, Don't Kill My Vibe (Explicit).mp3"
Beyonce,XO,0,Unpopular/Rascal Flatts - Changed (Official Video).mp3
Drake,The Language,0,Unpopular/Nicki Minaj - Va Va Voom (Explicit).mp3
Justin Timberlake,TKO,0,Unpopular/One Direction - Little Things.mp3
Justin Bieber,All That Matters,0,Unpopular/The Weeknd - Wicked Games (Official Video - Explicit).mp3
Kanye West,Bound 2,0,Unpopular/Chris Brown - Don't Judge Me.mp3
Future,Honest,0,Unpopular/Adele - Skyfall (Official Lyric Video).mp3
Britney Spears,Perfume,0,Unpopular/One Direction - Live While We're Young.mp3
Drake,Worst Behavior,0,Unpopular/Taylor Swift - Begin Again.mp3
Daughtry,Waiting For Superman,0,Unpopular/Future - Turn On The Lights (Official Music Video).mp3
Eminem,Survival,0,Unpopular/Rascal Flatts - Come Wake Me Up.mp3
One Direction,Diana,0,Unpopular/Beyoncé - Dance for You (Video).mp3
One Direction,Midnight Memories,0,Unpopular/One Direction - One Thing.mp3
Rihanna,What Now,0,Unpopular/T.I. - Go Get It [Official Video].mp3
Taylor Swift,Red,0,Unpopular/Eyes Open (Taylor's Version).mp3
Bruno Mars,Gorilla,0,Unpopular/Taylor Swift - Ours.mp3
One Direction,Strong,0,Unpopular/Beyoncé - Love On Top (Official Video).mp3
Britney Spears,Work B**ch!,0,Unpopular/Rascal Flatts - Banjo.mp3
Ariana Grande,Last Christmas,0,Unpopular/LMFAO - Sorry For Party Rocking.mp3
Justin Timberlake,Take Back The Night,0,Unpopular/Justin Bieber - Mistletoe (Official Music Video).mp3
Britney Spears,Ooh La La,0,Unpopular/Lady Gaga - Marry The Night (Official Music Video).mp3
Avril Lavigne,Here's To Never Growing Up,0,Unpopular/Nickelback - When We Stand Together.mp3
Chris Brown,Fine China,0,Unpopular/Avril Lavigne - Wish You Were Here (Official Video).mp3
Carrie Underwood,Two Black Cadillacs,0,Unpopular/Blunt Blowin.mp3
One Direction,Kiss You,0,Unpopular/Beyoncé - Countdown (Official Video).mp3
Justin Timberlake,Pusher Love Girl,0,Unpopular/Nicki Minaj - Stupid Hoe (Explicit).mp3
Future,Neva End,0,Unpopular/If This Was A Movie (Taylor’s Version).mp3
Ke$ha,C'mon,0,Unpopular/Taylor Swift - Sparks Fly.mp3
One Direction,One Way Or Another (Teenage Kicks),0,Unpopular/Drake - Hate Sleeping Alone HQ.mp3
Kendrick Lamar,"Bitch, Don't Kill My Vibe",0,Unpopular/Britney Spears - Criminal (Official Video).mp3
Rascal Flatts,Changed,0,Unpopular/Shot For Me.mp3
Nicki Minaj,Va Va Voom,0,Unpopular/Rihanna - California King Bed.mp3
One Direction,Little Things,0,Unpopular/Coldplay - Every Teardrop Is a Waterfall (Official Video).mp3
The Weeknd,Wicked Games,0,Unpopular/Taylor Swift - Mean.mp3
Chris Brown,Don't Judge Me,0,Unpopular/Rihanna - Man Down.mp3
Adele,Skyfall,0,Unpopular/Maroon 5 - Never Gonna Leave This Bed (Official Music Video).mp3
One Direction,Live While We're Young,0,Unpopular/Marvins Room.mp3
Taylor Swift,Begin Again,0,Unpopular/Avril Lavigne - Smile (Official Video).mp3
Future,Turn On The Lights,0,Unpopular/Taylor Swift - The Story Of Us.mp3
Rascal Flatts,Come Wake Me Up,0,Unpopular/Rascal Flatts - I Won't Let Go (Official Video).mp3
Beyonce,Dance For You,0,Unpopular/Nicki Minaj - Did It On Em (Explicit).mp3
One Direction,One Thing,0,Unpopular/Chris Brown - No Bullshit (Official HD Video).mp3
T.I.,Go Get It,0,Unpopular/Nicki Minaj - Right Thru Me (Official Audio).mp3
Taylor Swift,Eyes Open,0,Unpopular/Carrie Underwood - Mama's Song (Official Video).mp3
Taylor Swift,Ours,0,Unpopular/Rascal Flatts - Why Wait (Official Video).mp3
Beyonce,Love On Top,0,Unpopular/Coldplay - Christmas Lights (Official Video).mp3
Rascal Flatts,Banjo,0,Unpopular/Daughtry - September.mp3
LMFAO,Sorry For Party Rocking,0,Unpopular/Angel.mp3
Justin Bieber,Mistletoe,0,Unpopular/Ne-Yo - One In A Million (Official Music Video).mp3
Lady Gaga,Marry The Night,0,Unpopular/Ne-Yo - Beautiful Monster.mp3
Nickelback,When We Stand Together,0,Unpopular/Nickelback - This Afternoon [OFFICIAL VIDEO].mp3
Avril Lavigne,Wish You Were Here,0,Unpopular/Kanye West - POWER.mp3
Lil Wayne,Blunt Blowin,0,Unpopular/Glitter In the Air.mp3
Beyonce,Countdown,0,Unpopular/Ne-Yo - Champagne Life (Official Music Video).mp3
Nicki Minaj,Stupid Hoe,0,Unpopular/Miley Cyrus - Can't Be Tamed.mp3
Taylor Swift,If This Was A Movie,0,Unpopular/Justin Bieber - U Smile.mp3
Taylor Swift,Sparks Fly,0,Unpopular/Carrie Underwood - Temporary Home (Official Video).mp3
Drake,Hate Sleeping Alone,0,Unpopular/T.I. - I'm Back [Official Video].mp3
Britney Spears,Criminal,0,Unpopular/When I Look At You.mp3
Drake,Shot For Me,0,Unpopular/Mary J. Blige - I Am (Official Music Video).mp3
Rihanna,California King Bed,0,Unpopular/Rascal Flatts - Unstoppable (Olympics Mix) - Team USA Soundtrack Official Video (HD).mp3
Coldplay,Every Teardrop Is A Waterfall,0,Unpopular/Taylor Swift - Fearless (Taylor's Version) (Lyric Video).mp3
Taylor Swift,Mean,0,Unpopular/Avril Lavigne - Alice (Official Video).mp3
Rihanna,Man Down,0,Unpopular/Taylor Swift - Fifteen.mp3
Maroon 5,Never Gonna Leave This Bed,0,Unpopular/Carrie Underwood - Cowboy Casanova.mp3
Drake,Marvins Room,0,Unpopular/Rihanna - Russian Roulette.mp3
Avril Lavigne,Smile,0,Unpopular/Empire State of Mind (Part II) Broken Down.mp3
Taylor Swift,The Story Of Us,0,Unpopular/Justin Bieber - One Less Lonely Girl.mp3
Rascal Flatts,I Won't Let Go,0,Unpopular/Usher - Papers.mp3
Nicki Minaj,Did It On'em,0,Unpopular/Nickelback - Never Gonna Be Alone [OFFICIAL VIDEO].mp3
Chris Brown,No BS,0,Unpopular/Elevator.mp3
Nicki Minaj,Right Thru Me,0,Unpopular/Chris Brown - Crawl (Official HD Video).mp3
Carrie Underwood,Mama's Song,0,Unpopular/Lil Wayne - On Fire (Official Music Video).mp3
Rascal Flatts,Why Wait,0,Unpopular/P!nk - Funhouse (Official Video).mp3
Coldplay,Christmas Lights,0,Unpopular/Down To Earth.mp3
Daughtry,September,0,Unpopular/Alicia Keys - Doesn't Mean Anything (Official Video).mp3
Akon,Angel,0,Unpopular/Bigger.mp3
Ne-Yo,One In A Million,0,Unpopular/Rascal Flatts - Summer Nights (Official Video).mp3
Ne-Yo,Beautiful Monster,0,Unpopular/Beyoncé - Ego.mp3
Nickelback,This Afternoon,0,Unpopular/Sean Paul - So Fine (Official Video).mp3
Kanye West,POWER,0,Unpopular/LMFAO - I'm In Miami Trick.mp3
P!nk,Glitter In The Air,0,Unpopular/Daughtry - You Don't Belong (Official).mp3
Ne-Yo,Champagne Life,0,Unpopular/Eminem - Beautiful (Official Music Video).mp3
Miley Cyrus,Can't Be Tamed,0,Unpopular/Rascal Flatts - Here Comes Goodbye.mp3
Justin Bieber,U Smile,0,Unpopular/Hot Revolver.mp3
Carrie Underwood,Temporary Home,0,Unpopular/Katy Perry - Thinking Of You (Official).mp3
T.I.,I'm Back,0,Unpopular/Taylor Swift - You're Not Sorry (Taylor's Version) (Lyric Video).mp3
Miley Cyrus,When I Look At You,0,Unpopular/Rihanna - Rehab (Official Music Video) ft. Justin Timberlake.mp3
Mary J. Blige,I Am,0,Unpopular/Usher - Trading Places.mp3
Rascal Flatts,Unstoppable,0,Unpopular/Here.mp3
Taylor Swift,Fearless,0,Unpopular/Carrie Underwood - Just A Dream.mp3
Avril Lavigne,Alice,0,Unpopular/Leona Lewis - Run (Official HD Video).mp3
Taylor Swift,Fifteen,0,Unpopular/Daughtry - What About Now (Official Music Video).mp3
Carrie Underwood,Cowboy Casanova,0,Unpopular/Nickelback - I'd Come For You.mp3
Rihanna,Russian Roulette,0,Unpopular/Jonas Brothers - Lovebug (Official Music Video).mp3
Alicia Keys,Empire State Of Mind (Part II) Broken Down,0,Unpopular/Pushin' Me Away.mp3
Justin Bieber,One Less Lonely Girl,0,Unpopular/Should've Said No.mp3
Usher,Papers,0,Unpopular/Chris Brown - Take You Down (Official HD Video).mp3
Nickelback,Never Gonna Be Alone,0,Unpopular/Alicia Keys - Teenage Love Affair (Official Video).mp3
Eminem,Elevator,0,Unpopular/Carrie Underwood - Last Name (Official Video).mp3
Chris Brown,Crawl,0,Unpopular/Usher - Moving Mountains.mp3
Lil Wayne,On Fire,0,Unpopular/Jonas Brothers - When You Look Me In The Eyes.mp3
P!nk,Funhouse,0,Unpopular/Carrie Underwood - All-American Girl (Official Video).mp3
Justin Bieber,Down To Earth,0,Unpopular/Taylor Swift - Picture To Burn.mp3
Alicia Keys,Doesn't Mean Anything,0,Unpopular/Britney Spears - Break The Ice (Official HD Video).mp3
Justin Bieber,Bigger,0,Unpopular/Maroon 5 - Won't Go Home Without You (Official Music Video).mp3
Rascal Flatts,Summer Nights,0,Unpopular/Rascal Flatts - Every Day (Official Video).mp3
Beyonce,Ego,0,Unpopular/Ne-Yo - Go On Girl (Official Music Video).mp3
Sean Paul,So Fine,0,Unpopular/Daughtry - Over You.mp3
LMFAO,I'm In Miami Trick,0,Unpopular/Maroon 5 - Wake Up Call (Official Music Video).mp3
Daughtry,You Don't Belong,0,Unpopular/Chris Brown - This Christmas (Official HD Video).mp3
Eminem,Beautiful,0,Unpopular/Britney Spears - Gimme More (Official HD Video).mp3
Rascal Flatts,Here Comes Goodbye,0,Unpopular/Carrie Underwood - So Small (Official Video).mp3
Lil Wayne,Hot Revolver,0,Unpopular/Winner At A Losing Game.mp3
Katy Perry,Thinking Of You,0,Unpopular/Work That.mp3
Carrie Underwood,Home Sweet Home,0,Unpopular/Jonas Brothers - S.O.S..mp3
Miley Cyrus,Hoedown Throwdown,0,Unpopular/Carrie Underwood - Do You Hear What I Hear (Official Audio).mp3
Taylor Swift,You're Not Sorry,0,Unpopular/Rascal Flatts - Take Me There (Official Video).mp3
Rihanna,Rehab,0,"Unpopular/Akon - Sorry, Blame It On Me (Official Music Video).mp3"
Usher,Trading Places,0,Unpopular/Ne-Yo - Do You (Official Music Video).mp3
Rascal Flatts,Here,0,Unpopular/Avril Lavigne - When You're Gone (Official Video).mp3
Carrie Underwood,Just A Dream,0,Unpopular/Gwen Stefani - 4 In The Morning (Closed Captioned).mp3
Leona Lewis,Run,0,Unpopular/Get Me Bodied (Extended Mix).mp3
Daughtry,What About Now,0,Unpopular/Kanye West - Can't Tell Me Nothing.mp3
Nickelback,I'd Come For You,0,Unpopular/Carrie Underwood - Wasted (Official Video).mp3
Jonas Brothers,Lovebug,0,Unpopular/Top Back.mp3
Jonas Brothers,Pushin' Me Away,0,Unpopular/The Fray - Look After You (Official Lyric Video).mp3
Taylor Swift,Should've Said No,0,Unpopular/Rascal Flatts - Stand.mp3
Chris Brown,Take You Down,0,Unpopular/Jonas Brothers - Year 3000.mp3
Alicia Keys,Teenage Love Affair,0,Unpopular/My Wish.mp3
Carrie Underwood,Last Name,0,Unpopular/Taylor Swift - Tim McGraw.mp3
Usher,Moving Mountains,0,Unpopular/Happy Xmas (War Is Over).mp3
Jonas Brothers,Play My Music,0,Unpopular/Mary J. Blige - Take Me As I Am (Official Music Video).mp3
Jonas Brothers,When You Look Me In The Eyes,0,Unpopular/Beyoncé - Listen (Lyrics).mp3
Carrie Underwood,All-American Girl,0,Unpopular/Beyoncé - Ring The Alarm (Video).mp3
Taylor Swift,Picture To Burn,0,Unpopular/Me And My Gang.mp3
Britney Spears,Break The Ice,0,Unpopular/Carrie Underwood - Don't Forget To Remember Me.mp3
Maroon 5,Won't Go Home Without You,0,Unpopular/Gwen Stefani - Crash.mp3
Rascal Flatts,Every Day,0,Unpopular/Luxurious.mp3
Ne-Yo,Go On Girl,0,Unpopular/Rihanna - If It's Lovin' That You Want (Official Music Video).mp3
Daughtry,Over You,0,Unpopular/Lil Wayne - Fireman (Official Music Video).mp3
Maroon 5,Wake Up Call,0,Unpopular/Alicia Keys - Unbreakable (Official Video).mp3
Chris Brown,This Christmas,0,Unpopular/Rascal Flatts - Skin (Sarabeth) (Album Version).mp3
Britney Spears,Gimme More,0,
Carrie Underwood,So Small,0,
Rascal Flatts,Winner At A Losing Game,0,
Mary J. Blige,Work That,0,
Jonas Brothers,S.O.S.,0,
Carrie Underwood,Do You Hear What I Hear,0,
Rascal Flatts,Take Me There,0,
Akon,"Sorry, Blame It On Me",0,
Ne-Yo,Do You,0,
Avril Lavigne,When You're Gone,0,
Gwen Stefani,4 In The Morning,0,
Beyonce,Get Me Bodied,0,
Kanye West,Can't Tell Me Nothing,0,
Carrie Underwood,Wasted,0,
T.I.,Top Back,0,
The Fray,Look After You,0,
Rascal Flatts,Stand,0,
Jonas Brothers,Year 3000,0,
Rascal Flatts,My Wish,0,
Taylor Swift,Tim McGraw,0,
The Fray,Happy Xmas (War Is Over),0,
Mary J. Blige,Take Me As I Am,0,
Beyonce,Listen,0,
Beyonce,Ring The Alarm,0,
Rascal Flatts,Me And My Gang,0,
Carrie Underwood,Don't Forget To Remember Me,0,
Gwen Stefani,Crash,0,
Gwen Stefani,Luxurious,0,
Rihanna,If It's Lovin' That You Want,0,
Lil Wayne,Fireman,0,
Alicia Keys,Unbreakable,0,
Rascal Flatts,Skin (Sarabeth),0,
